measured_plasma_conc,outcome
2.731180312,0
1.131035499,0
3.4162552,0
6.468056519,0
9.563780375,0
16.49236663,1
13.60035692,0
7.586285435,0
5.890285644,1
6.506781951,0
9.054404333,1
7.917972603,0
11.23897411,1
13.23424344,0
16.87650139,0
32.57915307,0
33.41171522,0
27.40158332,1
33.27987572,1
54.03916157,1
52.8910911,1
72.20940955,1
43.45103365,1
26.25371959,0
64.50196952,1
94.82815942,1
142.6928164,1
184.1493985,1