 pred_plasma_conc, il2_stim_ratio
0.1,8.783492305
0.1,14.81927318
0.1,18.78890991
1,12.43040866
1,29.94757395
1,15.1855585
1,13.66220644
1,12.82448216
10,9.28339173
10,14.95329912
10,11.20335329
10,17.2763179
10,35.94014561
10,13.14282404
10,18.11478095
100,7.133407663
100,17.73272412
100,12.89944514
100,8.6013691
100,16.95228124
100,8.628284688