 pred_plasma_conc, il2_stim_ratio
0.1,6.293630173
0.1,7.667895579
0.1,8.962270875
1,7.236372354
1,8.44969126
1,10.14759909
1,11.68319975
1,13.0580483
10,9.55454622
10,11.57609646
10,13.35564382
10,14.89143886
10,16.83193272
10,17.80227684
10,20.06621873
100,17.29008598
100,18.50282175
100,19.31163622
100,20.28178596
100,25.61809547
100,26.66949597